[{"model": "auth.permission", "pk": 1, "fields": {"name": "Can add log entry", "content_type": 1, "codename": "add_logentry"}}, {"model": "auth.permission", "pk": 2, "fields": {"name": "Can change log entry", "content_type": 1, "codename": "change_logentry"}}, {"model": "auth.permission", "pk": 3, "fields": {"name": "Can delete log entry", "content_type": 1, "codename": "delete_logentry"}}, {"model": "auth.permission", "pk": 4, "fields": {"name": "Can view log entry", "content_type": 1, "codename": "view_logentry"}}, {"model": "auth.permission", "pk": 5, "fields": {"name": "Can add permission", "content_type": 2, "codename": "add_permission"}}, {"model": "auth.permission", "pk": 6, "fields": {"name": "Can change permission", "content_type": 2, "codename": "change_permission"}}, {"model": "auth.permission", "pk": 7, "fields": {"name": "Can delete permission", "content_type": 2, "codename": "delete_permission"}}, {"model": "auth.permission", "pk": 8, "fields": {"name": "Can view permission", "content_type": 2, "codename": "view_permission"}}, {"model": "auth.permission", "pk": 9, "fields": {"name": "Can add group", "content_type": 3, "codename": "add_group"}}, {"model": "auth.permission", "pk": 10, "fields": {"name": "Can change group", "content_type": 3, "codename": "change_group"}}, {"model": "auth.permission", "pk": 11, "fields": {"name": "Can delete group", "content_type": 3, "codename": "delete_group"}}, {"model": "auth.permission", "pk": 12, "fields": {"name": "Can view group", "content_type": 3, "codename": "view_group"}}, {"model": "auth.permission", "pk": 13, "fields": {"name": "Can add user", "content_type": 4, "codename": "add_user"}}, {"model": "auth.permission", "pk": 14, "fields": {"name": "Can change user", "content_type": 4, "codename": "change_user"}}, {"model": "auth.permission", "pk": 15, "fields": {"name": "Can delete user", "content_type": 4, "codename": "delete_user"}}, {"model": "auth.permission", "pk": 16, "fields": {"name": "Can view user", "content_type": 4, "codename": "view_user"}}, {"model": "auth.permission", "pk": 17, "fields": {"name": "Can add content type", "content_type": 5, "codename": "add_contenttype"}}, {"model": "auth.permission", "pk": 18, "fields": {"name": "Can change content type", "content_type": 5, "codename": "change_contenttype"}}, {"model": "auth.permission", "pk": 19, "fields": {"name": "Can delete content type", "content_type": 5, "codename": "delete_contenttype"}}, {"model": "auth.permission", "pk": 20, "fields": {"name": "Can view content type", "content_type": 5, "codename": "view_contenttype"}}, {"model": "auth.permission", "pk": 21, "fields": {"name": "Can add session", "content_type": 6, "codename": "add_session"}}, {"model": "auth.permission", "pk": 22, "fields": {"name": "Can change session", "content_type": 6, "codename": "change_session"}}, {"model": "auth.permission", "pk": 23, "fields": {"name": "Can delete session", "content_type": 6, "codename": "delete_session"}}, {"model": "auth.permission", "pk": 24, "fields": {"name": "Can view session", "content_type": 6, "codename": "view_session"}}, {"model": "auth.permission", "pk": 25, "fields": {"name": "Can add vendor", "content_type": 7, "codename": "add_vendor"}}, {"model": "auth.permission", "pk": 26, "fields": {"name": "Can change vendor", "content_type": 7, "codename": "change_vendor"}}, {"model": "auth.permission", "pk": 27, "fields": {"name": "Can delete vendor", "content_type": 7, "codename": "delete_vendor"}}, {"model": "auth.permission", "pk": 28, "fields": {"name": "Can view vendor", "content_type": 7, "codename": "view_vendor"}}, {"model": "auth.permission", "pk": 29, "fields": {"name": "Can add category", "content_type": 8, "codename": "add_category"}}, {"model": "auth.permission", "pk": 30, "fields": {"name": "Can change category", "content_type": 8, "codename": "change_category"}}, {"model": "auth.permission", "pk": 31, "fields": {"name": "Can delete category", "content_type": 8, "codename": "delete_category"}}, {"model": "auth.permission", "pk": 32, "fields": {"name": "Can view category", "content_type": 8, "codename": "view_category"}}, {"model": "auth.permission", "pk": 33, "fields": {"name": "Can add repair type", "content_type": 9, "codename": "add_repairtype"}}, {"model": "auth.permission", "pk": 34, "fields": {"name": "Can change repair type", "content_type": 9, "codename": "change_repairtype"}}, {"model": "auth.permission", "pk": 35, "fields": {"name": "Can delete repair type", "content_type": 9, "codename": "delete_repairtype"}}, {"model": "auth.permission", "pk": 36, "fields": {"name": "Can view repair type", "content_type": 9, "codename": "view_repairtype"}}, {"model": "auth.permission", "pk": 37, "fields": {"name": "Can add repair", "content_type": 10, "codename": "add_repair"}}, {"model": "auth.permission", "pk": 38, "fields": {"name": "Can change repair", "content_type": 10, "codename": "change_repair"}}, {"model": "auth.permission", "pk": 39, "fields": {"name": "Can delete repair", "content_type": 10, "codename": "delete_repair"}}, {"model": "auth.permission", "pk": 40, "fields": {"name": "Can view repair", "content_type": 10, "codename": "view_repair"}}, {"model": "contenttypes.contenttype", "pk": 1, "fields": {"app_label": "admin", "model": "logentry"}}, {"model": "contenttypes.contenttype", "pk": 2, "fields": {"app_label": "auth", "model": "permission"}}, {"model": "contenttypes.contenttype", "pk": 3, "fields": {"app_label": "auth", "model": "group"}}, {"model": "contenttypes.contenttype", "pk": 4, "fields": {"app_label": "auth", "model": "user"}}, {"model": "contenttypes.contenttype", "pk": 5, "fields": {"app_label": "contenttypes", "model": "contenttype"}}, {"model": "contenttypes.contenttype", "pk": 6, "fields": {"app_label": "sessions", "model": "session"}}, {"model": "contenttypes.contenttype", "pk": 7, "fields": {"app_label": "vendor", "model": "vendor"}}, {"model": "contenttypes.contenttype", "pk": 8, "fields": {"app_label": "repair", "model": "category"}}, {"model": "contenttypes.contenttype", "pk": 9, "fields": {"app_label": "repair", "model": "repairtype"}}, {"model": "contenttypes.contenttype", "pk": 10, "fields": {"app_label": "repair", "model": "repair"}}, {"model": "vendor.vendor", "pk": 1, "fields": {"name": "Superior Phone Fix Service", "slug": "djangodbmodelsfieldscharfield", "display_name": "vendor.Vendor.name", "created_at": "2021-12-08T01:07:11.884Z", "created_by": null, "image": "uploads/0_Uy2rDTB.jpg", "thumbnail": "uploads/uploads/0_Uy2rDTB.jpg", "link": null, "g_rating": 2.6777213382369047, "g_review_count": 5306}}, {"model": "vendor.vendor", "pk": 2, "fields": {"name": "Mayfield Cell Phone Repairs", "slug": "djangodbmodelsfieldscharfield", "display_name": "vendor.Vendor.name", "created_at": "2021-12-08T01:07:13.016Z", "created_by": null, "image": "uploads/1_Xr6VI2U.jpg", "thumbnail": "uploads/uploads/1_Xr6VI2U.jpg", "link": null, "g_rating": 2.1403180619639977, "g_review_count": 133}}, {"model": "vendor.vendor", "pk": 3, "fields": {"name": "iGenius Mobilefix", "slug": "djangodbmodelsfieldscharfield", "display_name": "vendor.Vendor.name", "created_at": "2021-12-08T01:07:13.906Z", "created_by": null, "image": "uploads/2_y15iGAq.jpg", "thumbnail": "uploads/uploads/2_y15iGAq.jpg", "link": null, "g_rating": 3.8642121608732385, "g_review_count": 8489}}, {"model": "vendor.vendor", "pk": 4, "fields": {"name": "Lambton Phones and Repairs", "slug": "djangodbmodelsfieldscharfield", "display_name": "vendor.Vendor.name", "created_at": "2021-12-08T01:07:14.787Z", "created_by": null, "image": "uploads/3_9WJbVmH.jpg", "thumbnail": "uploads/uploads/3_9WJbVmH.jpg", "link": null, "g_rating": 3.2859464265958476, "g_review_count": 2930}}, {"model": "vendor.vendor", "pk": 5, "fields": {"name": "Newcastle Mobile Phone Repairs", "slug": "djangodbmodelsfieldscharfield", "display_name": "vendor.Vendor.name", "created_at": "2021-12-08T01:07:15.566Z", "created_by": null, "image": "uploads/4_rUzSYyh.jpg", "thumbnail": "uploads/uploads/4_rUzSYyh.jpg", "link": null, "g_rating": 2.9045537400301495, "g_review_count": 3284}}, {"model": "vendor.vendor", "pk": 6, "fields": {"name": "Mobile Repair Central", "slug": "djangodbmodelsfieldscharfield", "display_name": "vendor.Vendor.name", "created_at": "2021-12-08T01:07:16.424Z", "created_by": null, "image": "uploads/5_R14K1Ao.jpg", "thumbnail": "uploads/uploads/5_R14K1Ao.jpg", "link": null, "g_rating": 2.5804998939369876, "g_review_count": 1508}}, {"model": "repair.category", "pk": 1, "fields": {"name": "iPhone 8", "slug": "iphone-8", "ordering": 0, "parent": null, "lft": 1, "rght": 2, "tree_id": 4, "level": 0}}, {"model": "repair.category", "pk": 2, "fields": {"name": "iPhone X", "slug": "iphone-x", "ordering": 0, "parent": null, "lft": 1, "rght": 2, "tree_id": 5, "level": 0}}, {"model": "repair.category", "pk": 3, "fields": {"name": "Pixel 6", "slug": "pixel-6", "ordering": 0, "parent": null, "lft": 1, "rght": 2, "tree_id": 3, "level": 0}}, {"model": "repair.category", "pk": 4, "fields": {"name": "Galaxy S21", "slug": "galaxy-s21", "ordering": 0, "parent": null, "lft": 1, "rght": 2, "tree_id": 1, "level": 0}}, {"model": "repair.category", "pk": 5, "fields": {"name": "K51S", "slug": "k51s", "ordering": 0, "parent": null, "lft": 1, "rght": 2, "tree_id": 2, "level": 0}}, {"model": "repair.repairtype", "pk": 1, "fields": {"name": "Screen Replacement", "slug": "screen-replacement"}}, {"model": "repair.repairtype", "pk": 2, "fields": {"name": "Battery Replacement", "slug": "battery-replacement"}}, {"model": "repair.repairtype", "pk": 3, "fields": {"name": "Headphone Jack Repair", "slug": "headphone-jack-repair"}}, {"model": "repair.repairtype", "pk": 4, "fields": {"name": "Power Button Repair", "slug": "power-button-repair"}}, {"model": "repair.repair", "pk": 1, "fields": {"category": 1, "vendor": 1, "repair_type": 1, "slug": "", "description": null, "price": "105.00", "date_added": "2021-12-08T01:07:12.019Z"}}, {"model": "repair.repair", "pk": 2, "fields": {"category": 1, "vendor": 1, "repair_type": 2, "slug": "", "description": null, "price": "19.00", "date_added": "2021-12-08T01:07:12.084Z"}}, {"model": "repair.repair", "pk": 3, "fields": {"category": 1, "vendor": 1, "repair_type": 3, "slug": "", "description": null, "price": "180.00", "date_added": "2021-12-08T01:07:12.154Z"}}, {"model": "repair.repair", "pk": 4, "fields": {"category": 1, "vendor": 1, "repair_type": 4, "slug": "", "description": null, "price": "176.00", "date_added": "2021-12-08T01:07:12.224Z"}}, {"model": "repair.repair", "pk": 5, "fields": {"category": 2, "vendor": 1, "repair_type": 1, "slug": "", "description": null, "price": "264.00", "date_added": "2021-12-08T01:07:12.294Z"}}, {"model": "repair.repair", "pk": 6, "fields": {"category": 2, "vendor": 1, "repair_type": 2, "slug": "", "description": null, "price": "81.00", "date_added": "2021-12-08T01:07:12.334Z"}}, {"model": "repair.repair", "pk": 7, "fields": {"category": 2, "vendor": 1, "repair_type": 3, "slug": "", "description": null, "price": "232.00", "date_added": "2021-12-08T01:07:12.369Z"}}, {"model": "repair.repair", "pk": 8, "fields": {"category": 2, "vendor": 1, "repair_type": 4, "slug": "", "description": null, "price": "231.00", "date_added": "2021-12-08T01:07:12.403Z"}}, {"model": "repair.repair", "pk": 9, "fields": {"category": 3, "vendor": 1, "repair_type": 1, "slug": "", "description": null, "price": "74.00", "date_added": "2021-12-08T01:07:12.479Z"}}, {"model": "repair.repair", "pk": 10, "fields": {"category": 3, "vendor": 1, "repair_type": 2, "slug": "", "description": null, "price": "149.00", "date_added": "2021-12-08T01:07:12.513Z"}}, {"model": "repair.repair", "pk": 11, "fields": {"category": 3, "vendor": 1, "repair_type": 3, "slug": "", "description": null, "price": "7.00", "date_added": "2021-12-08T01:07:12.547Z"}}, {"model": "repair.repair", "pk": 12, "fields": {"category": 3, "vendor": 1, "repair_type": 4, "slug": "", "description": null, "price": "76.00", "date_added": "2021-12-08T01:07:12.584Z"}}, {"model": "repair.repair", "pk": 13, "fields": {"category": 4, "vendor": 1, "repair_type": 1, "slug": "", "description": null, "price": "113.00", "date_added": "2021-12-08T01:07:12.654Z"}}, {"model": "repair.repair", "pk": 14, "fields": {"category": 4, "vendor": 1, "repair_type": 2, "slug": "", "description": null, "price": "124.00", "date_added": "2021-12-08T01:07:12.686Z"}}, {"model": "repair.repair", "pk": 15, "fields": {"category": 4, "vendor": 1, "repair_type": 3, "slug": "", "description": null, "price": "284.00", "date_added": "2021-12-08T01:07:12.714Z"}}, {"model": "repair.repair", "pk": 16, "fields": {"category": 4, "vendor": 1, "repair_type": 4, "slug": "", "description": null, "price": "113.00", "date_added": "2021-12-08T01:07:12.759Z"}}, {"model": "repair.repair", "pk": 17, "fields": {"category": 5, "vendor": 1, "repair_type": 1, "slug": "", "description": null, "price": "102.00", "date_added": "2021-12-08T01:07:12.834Z"}}, {"model": "repair.repair", "pk": 18, "fields": {"category": 5, "vendor": 1, "repair_type": 2, "slug": "", "description": null, "price": "64.00", "date_added": "2021-12-08T01:07:12.874Z"}}, {"model": "repair.repair", "pk": 19, "fields": {"category": 5, "vendor": 1, "repair_type": 3, "slug": "", "description": null, "price": "127.00", "date_added": "2021-12-08T01:07:12.916Z"}}, {"model": "repair.repair", "pk": 20, "fields": {"category": 5, "vendor": 1, "repair_type": 4, "slug": "", "description": null, "price": "33.00", "date_added": "2021-12-08T01:07:12.972Z"}}, {"model": "repair.repair", "pk": 21, "fields": {"category": 1, "vendor": 2, "repair_type": 1, "slug": "", "description": null, "price": "243.00", "date_added": "2021-12-08T01:07:13.074Z"}}, {"model": "repair.repair", "pk": 22, "fields": {"category": 1, "vendor": 2, "repair_type": 2, "slug": "", "description": null, "price": "13.00", "date_added": "2021-12-08T01:07:13.114Z"}}, {"model": "repair.repair", "pk": 23, "fields": {"category": 1, "vendor": 2, "repair_type": 3, "slug": "", "description": null, "price": "61.00", "date_added": "2021-12-08T01:07:13.153Z"}}, {"model": "repair.repair", "pk": 24, "fields": {"category": 1, "vendor": 2, "repair_type": 4, "slug": "", "description": null, "price": "67.00", "date_added": "2021-12-08T01:07:13.191Z"}}, {"model": "repair.repair", "pk": 25, "fields": {"category": 2, "vendor": 2, "repair_type": 1, "slug": "", "description": null, "price": "71.00", "date_added": "2021-12-08T01:07:13.236Z"}}, {"model": "repair.repair", "pk": 26, "fields": {"category": 2, "vendor": 2, "repair_type": 2, "slug": "", "description": null, "price": "103.00", "date_added": "2021-12-08T01:07:13.274Z"}}, {"model": "repair.repair", "pk": 27, "fields": {"category": 2, "vendor": 2, "repair_type": 3, "slug": "", "description": null, "price": "184.00", "date_added": "2021-12-08T01:07:13.306Z"}}, {"model": "repair.repair", "pk": 28, "fields": {"category": 2, "vendor": 2, "repair_type": 4, "slug": "", "description": null, "price": "157.00", "date_added": "2021-12-08T01:07:13.372Z"}}, {"model": "repair.repair", "pk": 29, "fields": {"category": 3, "vendor": 2, "repair_type": 1, "slug": "", "description": null, "price": "76.00", "date_added": "2021-12-08T01:07:13.413Z"}}, {"model": "repair.repair", "pk": 30, "fields": {"category": 3, "vendor": 2, "repair_type": 2, "slug": "", "description": null, "price": "219.00", "date_added": "2021-12-08T01:07:13.454Z"}}, {"model": "repair.repair", "pk": 31, "fields": {"category": 3, "vendor": 2, "repair_type": 3, "slug": "", "description": null, "price": "157.00", "date_added": "2021-12-08T01:07:13.484Z"}}, {"model": "repair.repair", "pk": 32, "fields": {"category": 3, "vendor": 2, "repair_type": 4, "slug": "", "description": null, "price": "296.00", "date_added": "2021-12-08T01:07:13.528Z"}}, {"model": "repair.repair", "pk": 33, "fields": {"category": 4, "vendor": 2, "repair_type": 1, "slug": "", "description": null, "price": "155.00", "date_added": "2021-12-08T01:07:13.569Z"}}, {"model": "repair.repair", "pk": 34, "fields": {"category": 4, "vendor": 2, "repair_type": 2, "slug": "", "description": null, "price": "78.00", "date_added": "2021-12-08T01:07:13.606Z"}}, {"model": "repair.repair", "pk": 35, "fields": {"category": 4, "vendor": 2, "repair_type": 3, "slug": "", "description": null, "price": "190.00", "date_added": "2021-12-08T01:07:13.646Z"}}, {"model": "repair.repair", "pk": 36, "fields": {"category": 4, "vendor": 2, "repair_type": 4, "slug": "", "description": null, "price": "240.00", "date_added": "2021-12-08T01:07:13.686Z"}}, {"model": "repair.repair", "pk": 37, "fields": {"category": 5, "vendor": 2, "repair_type": 1, "slug": "", "description": null, "price": "250.00", "date_added": "2021-12-08T01:07:13.724Z"}}, {"model": "repair.repair", "pk": 38, "fields": {"category": 5, "vendor": 2, "repair_type": 2, "slug": "", "description": null, "price": "84.00", "date_added": "2021-12-08T01:07:13.786Z"}}, {"model": "repair.repair", "pk": 39, "fields": {"category": 5, "vendor": 2, "repair_type": 3, "slug": "", "description": null, "price": "63.00", "date_added": "2021-12-08T01:07:13.824Z"}}, {"model": "repair.repair", "pk": 40, "fields": {"category": 5, "vendor": 2, "repair_type": 4, "slug": "", "description": null, "price": "201.00", "date_added": "2021-12-08T01:07:13.864Z"}}, {"model": "repair.repair", "pk": 41, "fields": {"category": 1, "vendor": 3, "repair_type": 1, "slug": "", "description": null, "price": "33.00", "date_added": "2021-12-08T01:07:13.985Z"}}, {"model": "repair.repair", "pk": 42, "fields": {"category": 1, "vendor": 3, "repair_type": 2, "slug": "", "description": null, "price": "164.00", "date_added": "2021-12-08T01:07:14.032Z"}}, {"model": "repair.repair", "pk": 43, "fields": {"category": 1, "vendor": 3, "repair_type": 3, "slug": "", "description": null, "price": "129.00", "date_added": "2021-12-08T01:07:14.072Z"}}, {"model": "repair.repair", "pk": 44, "fields": {"category": 1, "vendor": 3, "repair_type": 4, "slug": "", "description": null, "price": "281.00", "date_added": "2021-12-08T01:07:14.116Z"}}, {"model": "repair.repair", "pk": 45, "fields": {"category": 2, "vendor": 3, "repair_type": 1, "slug": "", "description": null, "price": "29.00", "date_added": "2021-12-08T01:07:14.156Z"}}, {"model": "repair.repair", "pk": 46, "fields": {"category": 2, "vendor": 3, "repair_type": 2, "slug": "", "description": null, "price": "35.00", "date_added": "2021-12-08T01:07:14.202Z"}}, {"model": "repair.repair", "pk": 47, "fields": {"category": 2, "vendor": 3, "repair_type": 3, "slug": "", "description": null, "price": "44.00", "date_added": "2021-12-08T01:07:14.277Z"}}, {"model": "repair.repair", "pk": 48, "fields": {"category": 2, "vendor": 3, "repair_type": 4, "slug": "", "description": null, "price": "67.00", "date_added": "2021-12-08T01:07:14.309Z"}}, {"model": "repair.repair", "pk": 49, "fields": {"category": 3, "vendor": 3, "repair_type": 1, "slug": "", "description": null, "price": "105.00", "date_added": "2021-12-08T01:07:14.344Z"}}, {"model": "repair.repair", "pk": 50, "fields": {"category": 3, "vendor": 3, "repair_type": 2, "slug": "", "description": null, "price": "168.00", "date_added": "2021-12-08T01:07:14.378Z"}}, {"model": "repair.repair", "pk": 51, "fields": {"category": 3, "vendor": 3, "repair_type": 3, "slug": "", "description": null, "price": "234.00", "date_added": "2021-12-08T01:07:14.412Z"}}, {"model": "repair.repair", "pk": 52, "fields": {"category": 3, "vendor": 3, "repair_type": 4, "slug": "", "description": null, "price": "56.00", "date_added": "2021-12-08T01:07:14.447Z"}}, {"model": "repair.repair", "pk": 53, "fields": {"category": 4, "vendor": 3, "repair_type": 1, "slug": "", "description": null, "price": "241.00", "date_added": "2021-12-08T01:07:14.484Z"}}, {"model": "repair.repair", "pk": 54, "fields": {"category": 4, "vendor": 3, "repair_type": 2, "slug": "", "description": null, "price": "36.00", "date_added": "2021-12-08T01:07:14.529Z"}}, {"model": "repair.repair", "pk": 55, "fields": {"category": 4, "vendor": 3, "repair_type": 3, "slug": "", "description": null, "price": "201.00", "date_added": "2021-12-08T01:07:14.567Z"}}, {"model": "repair.repair", "pk": 56, "fields": {"category": 4, "vendor": 3, "repair_type": 4, "slug": "", "description": null, "price": "142.00", "date_added": "2021-12-08T01:07:14.609Z"}}, {"model": "repair.repair", "pk": 57, "fields": {"category": 5, "vendor": 3, "repair_type": 1, "slug": "", "description": null, "price": "211.00", "date_added": "2021-12-08T01:07:14.644Z"}}, {"model": "repair.repair", "pk": 58, "fields": {"category": 5, "vendor": 3, "repair_type": 2, "slug": "", "description": null, "price": "297.00", "date_added": "2021-12-08T01:07:14.674Z"}}, {"model": "repair.repair", "pk": 59, "fields": {"category": 5, "vendor": 3, "repair_type": 3, "slug": "", "description": null, "price": "52.00", "date_added": "2021-12-08T01:07:14.704Z"}}, {"model": "repair.repair", "pk": 60, "fields": {"category": 5, "vendor": 3, "repair_type": 4, "slug": "", "description": null, "price": "291.00", "date_added": "2021-12-08T01:07:14.744Z"}}, {"model": "repair.repair", "pk": 61, "fields": {"category": 1, "vendor": 4, "repair_type": 1, "slug": "", "description": null, "price": "239.00", "date_added": "2021-12-08T01:07:14.838Z"}}, {"model": "repair.repair", "pk": 62, "fields": {"category": 1, "vendor": 4, "repair_type": 2, "slug": "", "description": null, "price": "206.00", "date_added": "2021-12-08T01:07:14.866Z"}}, {"model": "repair.repair", "pk": 63, "fields": {"category": 1, "vendor": 4, "repair_type": 3, "slug": "", "description": null, "price": "3.00", "date_added": "2021-12-08T01:07:14.903Z"}}, {"model": "repair.repair", "pk": 64, "fields": {"category": 1, "vendor": 4, "repair_type": 4, "slug": "", "description": null, "price": "128.00", "date_added": "2021-12-08T01:07:14.946Z"}}, {"model": "repair.repair", "pk": 65, "fields": {"category": 2, "vendor": 4, "repair_type": 1, "slug": "", "description": null, "price": "50.00", "date_added": "2021-12-08T01:07:14.987Z"}}, {"model": "repair.repair", "pk": 66, "fields": {"category": 2, "vendor": 4, "repair_type": 2, "slug": "", "description": null, "price": "179.00", "date_added": "2021-12-08T01:07:15.018Z"}}, {"model": "repair.repair", "pk": 67, "fields": {"category": 2, "vendor": 4, "repair_type": 3, "slug": "", "description": null, "price": "22.00", "date_added": "2021-12-08T01:07:15.049Z"}}, {"model": "repair.repair", "pk": 68, "fields": {"category": 2, "vendor": 4, "repair_type": 4, "slug": "", "description": null, "price": "120.00", "date_added": "2021-12-08T01:07:15.079Z"}}, {"model": "repair.repair", "pk": 69, "fields": {"category": 3, "vendor": 4, "repair_type": 1, "slug": "", "description": null, "price": "58.00", "date_added": "2021-12-08T01:07:15.111Z"}}, {"model": "repair.repair", "pk": 70, "fields": {"category": 3, "vendor": 4, "repair_type": 2, "slug": "", "description": null, "price": "121.00", "date_added": "2021-12-08T01:07:15.137Z"}}, {"model": "repair.repair", "pk": 71, "fields": {"category": 3, "vendor": 4, "repair_type": 3, "slug": "", "description": null, "price": "110.00", "date_added": "2021-12-08T01:07:15.164Z"}}, {"model": "repair.repair", "pk": 72, "fields": {"category": 3, "vendor": 4, "repair_type": 4, "slug": "", "description": null, "price": "82.00", "date_added": "2021-12-08T01:07:15.203Z"}}, {"model": "repair.repair", "pk": 73, "fields": {"category": 4, "vendor": 4, "repair_type": 1, "slug": "", "description": null, "price": "293.00", "date_added": "2021-12-08T01:07:15.235Z"}}, {"model": "repair.repair", "pk": 74, "fields": {"category": 4, "vendor": 4, "repair_type": 2, "slug": "", "description": null, "price": "164.00", "date_added": "2021-12-08T01:07:15.286Z"}}, {"model": "repair.repair", "pk": 75, "fields": {"category": 4, "vendor": 4, "repair_type": 3, "slug": "", "description": null, "price": "237.00", "date_added": "2021-12-08T01:07:15.324Z"}}, {"model": "repair.repair", "pk": 76, "fields": {"category": 4, "vendor": 4, "repair_type": 4, "slug": "", "description": null, "price": "56.00", "date_added": "2021-12-08T01:07:15.364Z"}}, {"model": "repair.repair", "pk": 77, "fields": {"category": 5, "vendor": 4, "repair_type": 1, "slug": "", "description": null, "price": "73.00", "date_added": "2021-12-08T01:07:15.412Z"}}, {"model": "repair.repair", "pk": 78, "fields": {"category": 5, "vendor": 4, "repair_type": 2, "slug": "", "description": null, "price": "141.00", "date_added": "2021-12-08T01:07:15.448Z"}}, {"model": "repair.repair", "pk": 79, "fields": {"category": 5, "vendor": 4, "repair_type": 3, "slug": "", "description": null, "price": "42.00", "date_added": "2021-12-08T01:07:15.484Z"}}, {"model": "repair.repair", "pk": 80, "fields": {"category": 5, "vendor": 4, "repair_type": 4, "slug": "", "description": null, "price": "157.00", "date_added": "2021-12-08T01:07:15.526Z"}}, {"model": "repair.repair", "pk": 81, "fields": {"category": 1, "vendor": 5, "repair_type": 1, "slug": "", "description": null, "price": "46.00", "date_added": "2021-12-08T01:07:15.634Z"}}, {"model": "repair.repair", "pk": 82, "fields": {"category": 1, "vendor": 5, "repair_type": 2, "slug": "", "description": null, "price": "269.00", "date_added": "2021-12-08T01:07:15.691Z"}}, {"model": "repair.repair", "pk": 83, "fields": {"category": 1, "vendor": 5, "repair_type": 3, "slug": "", "description": null, "price": "36.00", "date_added": "2021-12-08T01:07:15.731Z"}}, {"model": "repair.repair", "pk": 84, "fields": {"category": 1, "vendor": 5, "repair_type": 4, "slug": "", "description": null, "price": "1.00", "date_added": "2021-12-08T01:07:15.776Z"}}, {"model": "repair.repair", "pk": 85, "fields": {"category": 2, "vendor": 5, "repair_type": 1, "slug": "", "description": null, "price": "202.00", "date_added": "2021-12-08T01:07:15.828Z"}}, {"model": "repair.repair", "pk": 86, "fields": {"category": 2, "vendor": 5, "repair_type": 2, "slug": "", "description": null, "price": "269.00", "date_added": "2021-12-08T01:07:15.876Z"}}, {"model": "repair.repair", "pk": 87, "fields": {"category": 2, "vendor": 5, "repair_type": 3, "slug": "", "description": null, "price": "225.00", "date_added": "2021-12-08T01:07:15.927Z"}}, {"model": "repair.repair", "pk": 88, "fields": {"category": 2, "vendor": 5, "repair_type": 4, "slug": "", "description": null, "price": "86.00", "date_added": "2021-12-08T01:07:15.962Z"}}, {"model": "repair.repair", "pk": 89, "fields": {"category": 3, "vendor": 5, "repair_type": 1, "slug": "", "description": null, "price": "171.00", "date_added": "2021-12-08T01:07:15.996Z"}}, {"model": "repair.repair", "pk": 90, "fields": {"category": 3, "vendor": 5, "repair_type": 2, "slug": "", "description": null, "price": "230.00", "date_added": "2021-12-08T01:07:16.035Z"}}, {"model": "repair.repair", "pk": 91, "fields": {"category": 3, "vendor": 5, "repair_type": 3, "slug": "", "description": null, "price": "220.00", "date_added": "2021-12-08T01:07:16.067Z"}}, {"model": "repair.repair", "pk": 92, "fields": {"category": 3, "vendor": 5, "repair_type": 4, "slug": "", "description": null, "price": "253.00", "date_added": "2021-12-08T01:07:16.106Z"}}, {"model": "repair.repair", "pk": 93, "fields": {"category": 4, "vendor": 5, "repair_type": 1, "slug": "", "description": null, "price": "298.00", "date_added": "2021-12-08T01:07:16.134Z"}}, {"model": "repair.repair", "pk": 94, "fields": {"category": 4, "vendor": 5, "repair_type": 2, "slug": "", "description": null, "price": "264.00", "date_added": "2021-12-08T01:07:16.166Z"}}, {"model": "repair.repair", "pk": 95, "fields": {"category": 4, "vendor": 5, "repair_type": 3, "slug": "", "description": null, "price": "26.00", "date_added": "2021-12-08T01:07:16.203Z"}}, {"model": "repair.repair", "pk": 96, "fields": {"category": 4, "vendor": 5, "repair_type": 4, "slug": "", "description": null, "price": "19.00", "date_added": "2021-12-08T01:07:16.246Z"}}, {"model": "repair.repair", "pk": 97, "fields": {"category": 5, "vendor": 5, "repair_type": 1, "slug": "", "description": null, "price": "281.00", "date_added": "2021-12-08T01:07:16.284Z"}}, {"model": "repair.repair", "pk": 98, "fields": {"category": 5, "vendor": 5, "repair_type": 2, "slug": "", "description": null, "price": "137.00", "date_added": "2021-12-08T01:07:16.316Z"}}, {"model": "repair.repair", "pk": 99, "fields": {"category": 5, "vendor": 5, "repair_type": 3, "slug": "", "description": null, "price": "167.00", "date_added": "2021-12-08T01:07:16.344Z"}}, {"model": "repair.repair", "pk": 100, "fields": {"category": 5, "vendor": 5, "repair_type": 4, "slug": "", "description": null, "price": "300.00", "date_added": "2021-12-08T01:07:16.376Z"}}, {"model": "repair.repair", "pk": 101, "fields": {"category": 1, "vendor": 6, "repair_type": 1, "slug": "", "description": null, "price": "33.00", "date_added": "2021-12-08T01:07:16.472Z"}}, {"model": "repair.repair", "pk": 102, "fields": {"category": 1, "vendor": 6, "repair_type": 2, "slug": "", "description": null, "price": "178.00", "date_added": "2021-12-08T01:07:16.503Z"}}, {"model": "repair.repair", "pk": 103, "fields": {"category": 1, "vendor": 6, "repair_type": 3, "slug": "", "description": null, "price": "163.00", "date_added": "2021-12-08T01:07:16.534Z"}}, {"model": "repair.repair", "pk": 104, "fields": {"category": 1, "vendor": 6, "repair_type": 4, "slug": "", "description": null, "price": "62.00", "date_added": "2021-12-08T01:07:16.566Z"}}, {"model": "repair.repair", "pk": 105, "fields": {"category": 2, "vendor": 6, "repair_type": 1, "slug": "", "description": null, "price": "159.00", "date_added": "2021-12-08T01:07:16.604Z"}}, {"model": "repair.repair", "pk": 106, "fields": {"category": 2, "vendor": 6, "repair_type": 2, "slug": "", "description": null, "price": "190.00", "date_added": "2021-12-08T01:07:16.646Z"}}, {"model": "repair.repair", "pk": 107, "fields": {"category": 2, "vendor": 6, "repair_type": 3, "slug": "", "description": null, "price": "50.00", "date_added": "2021-12-08T01:07:16.684Z"}}, {"model": "repair.repair", "pk": 108, "fields": {"category": 2, "vendor": 6, "repair_type": 4, "slug": "", "description": null, "price": "270.00", "date_added": "2021-12-08T01:07:16.734Z"}}, {"model": "repair.repair", "pk": 109, "fields": {"category": 3, "vendor": 6, "repair_type": 1, "slug": "", "description": null, "price": "208.00", "date_added": "2021-12-08T01:07:16.794Z"}}, {"model": "repair.repair", "pk": 110, "fields": {"category": 3, "vendor": 6, "repair_type": 2, "slug": "", "description": null, "price": "128.00", "date_added": "2021-12-08T01:07:16.834Z"}}, {"model": "repair.repair", "pk": 111, "fields": {"category": 3, "vendor": 6, "repair_type": 3, "slug": "", "description": null, "price": "291.00", "date_added": "2021-12-08T01:07:16.886Z"}}, {"model": "repair.repair", "pk": 112, "fields": {"category": 3, "vendor": 6, "repair_type": 4, "slug": "", "description": null, "price": "48.00", "date_added": "2021-12-08T01:07:16.936Z"}}, {"model": "repair.repair", "pk": 113, "fields": {"category": 4, "vendor": 6, "repair_type": 1, "slug": "", "description": null, "price": "217.00", "date_added": "2021-12-08T01:07:16.984Z"}}, {"model": "repair.repair", "pk": 114, "fields": {"category": 4, "vendor": 6, "repair_type": 2, "slug": "", "description": null, "price": "130.00", "date_added": "2021-12-08T01:07:17.024Z"}}, {"model": "repair.repair", "pk": 115, "fields": {"category": 4, "vendor": 6, "repair_type": 3, "slug": "", "description": null, "price": "254.00", "date_added": "2021-12-08T01:07:17.068Z"}}, {"model": "repair.repair", "pk": 116, "fields": {"category": 4, "vendor": 6, "repair_type": 4, "slug": "", "description": null, "price": "239.00", "date_added": "2021-12-08T01:07:17.105Z"}}, {"model": "repair.repair", "pk": 117, "fields": {"category": 5, "vendor": 6, "repair_type": 1, "slug": "", "description": null, "price": "216.00", "date_added": "2021-12-08T01:07:17.146Z"}}, {"model": "repair.repair", "pk": 118, "fields": {"category": 5, "vendor": 6, "repair_type": 2, "slug": "", "description": null, "price": "274.00", "date_added": "2021-12-08T01:07:17.186Z"}}, {"model": "repair.repair", "pk": 119, "fields": {"category": 5, "vendor": 6, "repair_type": 3, "slug": "", "description": null, "price": "51.00", "date_added": "2021-12-08T01:07:17.241Z"}}, {"model": "repair.repair", "pk": 120, "fields": {"category": 5, "vendor": 6, "repair_type": 4, "slug": "", "description": null, "price": "232.00", "date_added": "2021-12-08T01:07:17.284Z"}}]